time,time_bnds,lat_bnds,lon_bnds,tas
0.016254425048828125,0.01990509033203125,0.024322509765625,0.029314041137695312,0.03390026092529297
,,,,0.03988170623779297
,,,,0.03992748260498047
,,,,0.03997325897216797
,,,,0.04001903533935547
,,,,0.04006481170654297
,,,,0.04011058807373047
,,,,0.04015636444091797
,,,,0.04020214080810547
,,,,0.04024791717529297
,,,,0.04029369354248047
,,,,0.04033946990966797
,,,,0.04038524627685547
,,,,0.04043102264404297
,,,,0.04047679901123047
,,,,0.04052257537841797
,,,,0.04056835174560547
,,,,0.04061412811279297
,,,,0.04065990447998047
,,,,0.04070568084716797
,,,,0.04075145721435547
,,,,0.04079723358154297
,,,,0.04084300994873047
,,,,0.04088878631591797
,,,,0.04093456268310547
,,,,0.04098033905029297
,,,,0.04102611541748047
,,,,0.04107189178466797
,,,,0.04111766815185547
,,,,0.04116344451904297
,,,,0.04120922088623047
,,,,0.04125499725341797
,,,,0.04130077362060547
,,,,0.04134654998779297
,,,,0.04139232635498047
,,,,0.04143810272216797
,,,,0.04148387908935547
,,,,0.04152965545654297
,,,,0.04157543182373047
,,,,0.04162120819091797
,,,,0.04166698455810547
,,,,0.04171276092529297
,,,,0.04175853729248047
,,,,0.04180431365966797
,,,,0.04185009002685547
,,,,0.04189586639404297
,,,,0.04194164276123047
,,,,0.04198741912841797
,,,,0.04203319549560547
,,,,0.04207897186279297
,,,,0.04212474822998047
,,,,0.04217052459716797
,,,,0.04221630096435547
,,,,0.04226207733154297
,,,,0.04230785369873047
,,,,0.04235363006591797
,,,,0.04239940643310547
,,,,0.04244518280029297
,,,,0.03394603729248047
,,,,0.03689098358154297
,,,,0.03693675994873047
,,,,0.03698253631591797
,,,,0.03702831268310547
,,,,0.03707408905029297
,,,,0.03711986541748047
,,,,0.03716564178466797
,,,,0.03721141815185547
,,,,0.03725719451904297
,,,,0.03730297088623047
,,,,0.03734874725341797
,,,,0.03739452362060547
,,,,0.03744029998779297
,,,,0.03748607635498047
,,,,0.03753185272216797
,,,,0.03757762908935547
,,,,0.03762340545654297
,,,,0.03766918182373047
,,,,0.03771495819091797
,,,,0.03776073455810547
,,,,0.03780651092529297
,,,,0.03785228729248047
,,,,0.03789806365966797
,,,,0.03794384002685547
,,,,0.03798961639404297
,,,,0.03803539276123047
,,,,0.03808116912841797
,,,,0.03812694549560547
,,,,0.03817272186279297
,,,,0.03821849822998047
,,,,0.03826427459716797
,,,,0.03831005096435547
,,,,0.03835582733154297
,,,,0.03840160369873047
,,,,0.03844738006591797
,,,,0.03849315643310547
,,,,0.03853893280029297
,,,,0.03858470916748047
,,,,0.03863048553466797
,,,,0.03867626190185547
,,,,0.03872203826904297
,,,,0.03876781463623047
,,,,0.03881359100341797
,,,,0.03885936737060547
,,,,0.03890514373779297
,,,,0.03895092010498047
,,,,0.03899669647216797
,,,,0.03904247283935547
,,,,0.03908824920654297
,,,,0.03913402557373047
,,,,0.03917980194091797
,,,,0.03922557830810547
,,,,0.03927135467529297
,,,,0.03931713104248047
,,,,0.03936290740966797
,,,,0.03940868377685547
,,,,0.03945446014404297
,,,,0.03399181365966797
,,,,0.04287242889404297
,,,,0.04291820526123047
,,,,0.04296398162841797
,,,,0.04300975799560547
,,,,0.04305553436279297
,,,,0.04310131072998047
,,,,0.04314708709716797
,,,,0.04319286346435547
,,,,0.04323863983154297
,,,,0.04328441619873047
,,,,0.04333019256591797
,,,,0.04337596893310547
,,,,0.04342174530029297
,,,,0.04346752166748047
,,,,0.04351329803466797
,,,,0.04355907440185547
,,,,0.04360485076904297
,,,,0.04365062713623047
,,,,0.04369640350341797
,,,,0.04374217987060547
,,,,0.04378795623779297
,,,,0.04383373260498047
,,,,0.04387950897216797
,,,,0.04392528533935547
,,,,0.04397106170654297
,,,,0.04401683807373047
,,,,0.04406261444091797
,,,,0.04410839080810547
,,,,0.04415416717529297
,,,,0.04419994354248047
,,,,0.04424571990966797
,,,,0.04429149627685547
,,,,0.04433727264404297
,,,,0.04438304901123047
,,,,0.04442882537841797
,,,,0.04447460174560547
,,,,0.04452037811279297
,,,,0.04456615447998047
,,,,0.04461193084716797
,,,,0.04465770721435547
,,,,0.04470348358154297
,,,,0.04474925994873047
,,,,0.04479503631591797
,,,,0.04484081268310547
,,,,0.04488658905029297
,,,,0.04493236541748047
,,,,0.04497814178466797
,,,,0.04502391815185547
,,,,0.04506969451904297
,,,,0.04511547088623047
,,,,0.04516124725341797
,,,,0.04520702362060547
,,,,0.04525279998779297
,,,,0.04529857635498047
,,,,0.04534435272216797
,,,,0.04539012908935547
,,,,0.04543590545654297
,,,,0.03403759002685547
,,,,0.04586315155029297
,,,,0.04590892791748047
,,,,0.04595470428466797
,,,,0.04600048065185547
,,,,0.04604625701904297
,,,,0.04609203338623047
,,,,0.04613780975341797
,,,,0.04618358612060547
,,,,0.04622936248779297
,,,,0.04627513885498047
,,,,0.04632091522216797
,,,,0.04636669158935547
,,,,0.04641246795654297
,,,,0.04645824432373047
,,,,0.04650402069091797
,,,,0.04654979705810547
,,,,0.04659557342529297
,,,,0.04664134979248047
,,,,0.04668712615966797
,,,,0.04673290252685547
,,,,0.04677867889404297
,,,,0.04682445526123047
,,,,0.04687023162841797
,,,,0.04691600799560547
,,,,0.04696178436279297
,,,,0.04700756072998047
,,,,0.04705333709716797
,,,,0.04709911346435547
,,,,0.04714488983154297
,,,,0.04719066619873047
,,,,0.04723644256591797
,,,,0.04728221893310547
,,,,0.04732799530029297
,,,,0.04737377166748047
,,,,0.04741954803466797
,,,,0.04746532440185547
,,,,0.04751110076904297
,,,,0.04755687713623047
,,,,0.04760265350341797
,,,,0.04764842987060547
,,,,0.04769420623779297
,,,,0.04773998260498047
,,,,0.04778575897216797
,,,,0.04783153533935547
,,,,0.04787731170654297
,,,,0.04792308807373047
,,,,0.04796886444091797
,,,,0.04801464080810547
,,,,0.04806041717529297
,,,,0.04810619354248047
,,,,0.04815196990966797
,,,,0.04819774627685547
,,,,0.04824352264404297
,,,,0.04828929901123047
,,,,0.04833507537841797
,,,,0.04838085174560547
,,,,0.04842662811279297
,,,,0.03408336639404297
,,,,0.04885387420654297
,,,,0.04889965057373047
,,,,0.04894542694091797
,,,,0.04899120330810547
,,,,0.04903697967529297
,,,,0.04908275604248047
,,,,0.04912853240966797
,,,,0.04917430877685547
,,,,0.04922008514404297
,,,,0.04926586151123047
,,,,0.04931163787841797
,,,,0.04935741424560547
,,,,0.04940319061279297
,,,,0.04944896697998047
,,,,0.04949474334716797
,,,,0.04954051971435547
,,,,0.04958629608154297
,,,,0.04963207244873047
,,,,0.04967784881591797
,,,,0.04972362518310547
,,,,0.04976940155029297
,,,,0.04981517791748047
,,,,0.04986095428466797
,,,,0.04990673065185547
,,,,0.04995250701904297
,,,,0.04999828338623047
,,,,0.05004405975341797
,,,,0.05008983612060547
,,,,0.05013561248779297
,,,,0.05018138885498047
,,,,0.05022716522216797
,,,,0.05027294158935547
,,,,0.05031871795654297
,,,,0.05036449432373047
,,,,0.05041027069091797
,,,,0.05045604705810547
,,,,0.05050182342529297
,,,,0.05054759979248047
,,,,0.05059337615966797
,,,,0.05063915252685547
,,,,0.05068492889404297
,,,,0.05073070526123047
,,,,0.05077648162841797
,,,,0.05082225799560547
,,,,0.05086803436279297
,,,,0.05091381072998047
,,,,0.05095958709716797
,,,,0.05100536346435547
,,,,0.05105113983154297
,,,,0.05109691619873047
,,,,0.05114269256591797
,,,,0.05118846893310547
,,,,0.05123424530029297
,,,,0.05128002166748047
,,,,0.05132579803466797
,,,,0.05137157440185547
,,,,0.05141735076904297
,,,,0.03412914276123047
,,,,0.05184459686279297
,,,,0.05189037322998047
,,,,0.05193614959716797
,,,,0.05198192596435547
,,,,0.05202770233154297
,,,,0.05207347869873047
,,,,0.05211925506591797
,,,,0.05216503143310547
,,,,0.05221080780029297
,,,,0.05225658416748047
,,,,0.05230236053466797
,,,,0.05234813690185547
,,,,0.05239391326904297
,,,,0.05243968963623047
,,,,0.05248546600341797
,,,,0.05253124237060547
,,,,0.05257701873779297
,,,,0.05262279510498047
,,,,0.05266857147216797
,,,,0.05271434783935547
,,,,0.05276012420654297
,,,,0.05280590057373047
,,,,0.05285167694091797
,,,,0.05289745330810547
,,,,0.05294322967529297
,,,,0.05298900604248047
,,,,0.05303478240966797
,,,,0.05308055877685547
,,,,0.05312633514404297
,,,,0.05317211151123047
,,,,0.05321788787841797
,,,,0.05326366424560547
,,,,0.05330944061279297
,,,,0.05335521697998047
,,,,0.05340099334716797
,,,,0.05344676971435547
,,,,0.05349254608154297
,,,,0.05353832244873047
,,,,0.05358409881591797
,,,,0.05362987518310547
,,,,0.05367565155029297
,,,,0.05372142791748047
,,,,0.05376720428466797
,,,,0.05381298065185547
,,,,0.05385875701904297
,,,,0.05390453338623047
,,,,0.05395030975341797
,,,,0.05399608612060547
,,,,0.05404186248779297
,,,,0.05408763885498047
,,,,0.05413341522216797
,,,,0.05417919158935547
,,,,0.05422496795654297
,,,,0.05427074432373047
,,,,0.05431652069091797
,,,,0.05436229705810547
,,,,0.05440807342529297
,,,,0.03417491912841797
,,,,0.05483531951904297
,,,,0.05488109588623047
,,,,0.05492687225341797
,,,,0.05497264862060547
,,,,0.05501842498779297
,,,,0.05506420135498047
,,,,0.05510997772216797
,,,,0.05515575408935547
,,,,0.05520153045654297
,,,,0.05524730682373047
,,,,0.05529308319091797
,,,,0.05533885955810547
,,,,0.05538463592529297
,,,,0.05543041229248047
,,,,0.05547618865966797
,,,,0.05552196502685547
,,,,0.05556774139404297
,,,,0.05561351776123047
,,,,0.05565929412841797
,,,,0.05570507049560547
,,,,0.05575084686279297
,,,,0.05579662322998047
,,,,0.05584239959716797
,,,,0.05588817596435547
,,,,0.05593395233154297
,,,,0.05597972869873047
,,,,0.05602550506591797
,,,,0.05607128143310547
,,,,0.05611705780029297
,,,,0.05616283416748047
,,,,0.05620861053466797
,,,,0.05625438690185547
,,,,0.05630016326904297
,,,,0.05634593963623047
,,,,0.05639171600341797
,,,,0.05643749237060547
,,,,0.05648326873779297
,,,,0.05652904510498047
,,,,0.05657482147216797
,,,,0.05662059783935547
,,,,0.05666637420654297
,,,,0.05671215057373047
,,,,0.05675792694091797
,,,,0.05680370330810547
,,,,0.05684947967529297
,,,,0.05689525604248047
,,,,0.05694103240966797
,,,,0.05698680877685547
,,,,0.05703258514404297
,,,,0.05707836151123047
,,,,0.05712413787841797
,,,,0.05716991424560547
,,,,0.05721569061279297
,,,,0.05726146697998047
,,,,0.05730724334716797
,,,,0.05735301971435547
,,,,0.05739879608154297
,,,,0.03422069549560547
,,,,0.05782604217529297
,,,,0.05787181854248047
,,,,0.05791759490966797
,,,,0.05796337127685547
,,,,0.05800914764404297
,,,,0.05805492401123047
,,,,0.05810070037841797
,,,,0.05814647674560547
,,,,0.05819225311279297
,,,,0.05823802947998047
,,,,0.05828380584716797
,,,,0.05832958221435547
,,,,0.05837535858154297
,,,,0.05842113494873047
,,,,0.05846691131591797
,,,,0.05851268768310547
,,,,0.05855846405029297
,,,,0.05860424041748047
,,,,0.05865001678466797
,,,,0.05869579315185547
,,,,0.05874156951904297
,,,,0.05878734588623047
,,,,0.05883312225341797
,,,,0.05887889862060547
,,,,0.05892467498779297
,,,,0.05897045135498047
,,,,0.05901622772216797
,,,,0.05906200408935547
,,,,0.05910778045654297
,,,,0.05915355682373047
,,,,0.05919933319091797
,,,,0.05924510955810547
,,,,0.05929088592529297
,,,,0.05933666229248047
,,,,0.05938243865966797
,,,,0.05942821502685547
,,,,0.05947399139404297
,,,,0.05951976776123047
,,,,0.05956554412841797
,,,,0.05961132049560547
,,,,0.05965709686279297
,,,,0.05970287322998047
,,,,0.05974864959716797
,,,,0.05979442596435547
,,,,0.05984020233154297
,,,,0.05988597869873047
,,,,0.05993175506591797
,,,,0.05997753143310547
,,,,0.06002330780029297
,,,,0.06006908416748047
,,,,0.06011486053466797
,,,,0.06016063690185547
,,,,0.06020641326904297
,,,,0.06025218963623047
,,,,0.06029796600341797
,,,,0.06034374237060547
,,,,0.06038951873779297
,,,,0.03426647186279297
,,,,0.06081676483154297
,,,,0.06086254119873047
,,,,0.06090831756591797
,,,,0.06095409393310547
,,,,0.06099987030029297
,,,,0.06104564666748047
,,,,0.06109142303466797
,,,,0.06113719940185547
,,,,0.06118297576904297
,,,,0.06122875213623047
,,,,0.06127452850341797
,,,,0.06132030487060547
,,,,0.06136608123779297
,,,,0.06141185760498047
,,,,0.06145763397216797
,,,,0.06150341033935547
,,,,0.06154918670654297
,,,,0.06159496307373047
,,,,0.06164073944091797
,,,,0.06168651580810547
,,,,0.06173229217529297
,,,,0.06177806854248047
,,,,0.06182384490966797
,,,,0.06186962127685547
,,,,0.06191539764404297
,,,,0.06196117401123047
,,,,0.06200695037841797
,,,,0.06205272674560547
,,,,0.06209850311279297
,,,,0.06214427947998047
,,,,0.06219005584716797
,,,,0.06223583221435547
,,,,0.06228160858154297
,,,,0.06232738494873047
,,,,0.06237316131591797
,,,,0.06241893768310547
,,,,0.06246471405029297
,,,,0.06251049041748047
,,,,0.06255626678466797
,,,,0.06260204315185547
,,,,0.06264781951904297
,,,,0.06269359588623047
,,,,0.06273937225341797
,,,,0.06278514862060547
,,,,0.06283092498779297
,,,,0.06287670135498047
,,,,0.06292247772216797
,,,,0.06296825408935547
,,,,0.06301403045654297
,,,,0.06305980682373047
,,,,0.06310558319091797
,,,,0.06315135955810547
,,,,0.06319713592529297
,,,,0.06324291229248047
,,,,0.06328868865966797
,,,,0.06333446502685547
,,,,0.06338024139404297
,,,,0.03431224822998047
,,,,0.06380748748779297
,,,,0.06385326385498047
,,,,0.06389904022216797
,,,,0.06394481658935547
,,,,0.06399059295654297
,,,,0.06403636932373047
,,,,0.06408214569091797
,,,,0.06412792205810547
,,,,0.06417369842529297
,,,,0.06421947479248047
,,,,0.06426525115966797
,,,,0.06431102752685547
,,,,0.06435680389404297
,,,,0.06440258026123047
,,,,0.06444835662841797
,,,,0.06449413299560547
,,,,0.06453990936279297
,,,,0.06458568572998047
,,,,0.06463146209716797
,,,,0.06467723846435547
,,,,0.06472301483154297
,,,,0.06476879119873047
,,,,0.06481456756591797
,,,,0.06486034393310547
,,,,0.06490612030029297
,,,,0.06495189666748047
,,,,0.06499767303466797
,,,,0.06504344940185547
,,,,0.06508922576904297
,,,,0.06513500213623047
,,,,0.06518077850341797
,,,,0.06522655487060547
,,,,0.06527233123779297
,,,,0.06531810760498047
,,,,0.06536388397216797
,,,,0.06540966033935547
,,,,0.06545543670654297
,,,,0.06550121307373047
,,,,0.06554698944091797
,,,,0.06559276580810547
,,,,0.06563854217529297
,,,,0.06568431854248047
,,,,0.06573009490966797
,,,,0.06577587127685547
,,,,0.06582164764404297
,,,,0.06586742401123047
,,,,0.06591320037841797
,,,,0.06595897674560547
,,,,0.06600475311279297
,,,,0.06605052947998047
,,,,0.06609630584716797
,,,,0.06614208221435547
,,,,0.06618785858154297
,,,,0.06623363494873047
,,,,0.06627941131591797
,,,,0.06632518768310547
,,,,0.06637096405029297
,,,,0.03435802459716797
,,,,0.06679821014404297
,,,,0.06684398651123047
,,,,0.06688976287841797
,,,,0.06693553924560547
,,,,0.06698131561279297
,,,,0.06702709197998047
,,,,0.06707286834716797
,,,,0.06711864471435547
,,,,0.06716442108154297
,,,,0.06721019744873047
,,,,0.06725597381591797
,,,,0.06730175018310547
,,,,0.06734752655029297
,,,,0.06739330291748047
,,,,0.06743907928466797
,,,,0.06748485565185547
,,,,0.06753063201904297
,,,,0.06757640838623047
,,,,0.06762218475341797
,,,,0.06766796112060547
,,,,0.06771373748779297
,,,,0.06775951385498047
,,,,0.06780529022216797
,,,,0.06785106658935547
,,,,0.06789684295654297
,,,,0.06794261932373047
,,,,0.06798839569091797
,,,,0.06803417205810547
,,,,0.06807994842529297
,,,,0.06812572479248047
,,,,0.06817150115966797
,,,,0.06821727752685547
,,,,0.06826305389404297
,,,,0.06830883026123047
,,,,0.06835460662841797
,,,,0.06840038299560547
,,,,0.06844615936279297
,,,,0.06849193572998047
,,,,0.06853771209716797
,,,,0.06858348846435547
,,,,0.06862926483154297
,,,,0.06867504119873047
,,,,0.06872081756591797
,,,,0.06876659393310547
,,,,0.06881237030029297
,,,,0.06885814666748047
,,,,0.06890392303466797
,,,,0.06894969940185547
,,,,0.06899547576904297
,,,,0.06904125213623047
,,,,0.06908702850341797
,,,,0.06913280487060547
,,,,0.06917858123779297
,,,,0.06922435760498047
,,,,0.06927013397216797
,,,,0.06931591033935547
,,,,0.06936168670654297
,,,,0.03440380096435547
,,,,0.06978893280029297
,,,,0.06983470916748047
,,,,0.06988048553466797
,,,,0.06992626190185547
,,,,0.06997203826904297
,,,,0.07001781463623047
,,,,0.07006359100341797
,,,,0.07010936737060547
,,,,0.07015514373779297
,,,,0.07020092010498047
,,,,0.07024669647216797
,,,,0.07029247283935547
,,,,0.07033824920654297
,,,,0.07038402557373047
,,,,0.07042980194091797
,,,,0.07047557830810547
,,,,0.07052135467529297
,,,,0.07056713104248047
,,,,0.07061290740966797
,,,,0.07065868377685547
,,,,0.07070446014404297
,,,,0.07075023651123047
,,,,0.07079601287841797
,,,,0.07084178924560547
,,,,0.07088756561279297
,,,,0.07093334197998047
,,,,0.07097911834716797
,,,,0.07102489471435547
,,,,0.07107067108154297
,,,,0.07111644744873047
,,,,0.07116222381591797
,,,,0.07120800018310547
,,,,0.07125377655029297
,,,,0.07129955291748047
,,,,0.07134532928466797
,,,,0.07139110565185547
,,,,0.07143688201904297
,,,,0.07148265838623047
,,,,0.07152843475341797
,,,,0.07157421112060547
,,,,0.07161998748779297
,,,,0.07166576385498047
,,,,0.07171154022216797
,,,,0.07175731658935547
,,,,0.07180309295654297
,,,,0.07184886932373047
,,,,0.07189464569091797
,,,,0.07194042205810547
,,,,0.07198619842529297
,,,,0.07203197479248047
,,,,0.07207775115966797
,,,,0.07212352752685547
,,,,0.07216930389404297
,,,,0.07221508026123047
,,,,0.07226085662841797
,,,,0.07230663299560547
,,,,0.07235240936279297
,,,,0.03444957733154297
,,,,0.07277965545654297
,,,,0.07282543182373047
,,,,0.07287120819091797
,,,,0.07291698455810547
,,,,0.07296276092529297
,,,,0.07300853729248047
,,,,0.07305431365966797
,,,,0.07310009002685547
,,,,0.07314586639404297
,,,,0.07319164276123047
,,,,0.07323741912841797
,,,,0.07328319549560547
,,,,0.07332897186279297
,,,,0.07337474822998047
,,,,0.07342052459716797
,,,,0.07346630096435547
,,,,0.07351207733154297
,,,,0.07355785369873047
,,,,0.07360363006591797
,,,,0.07364940643310547
,,,,0.07369518280029297
,,,,0.07374095916748047
,,,,0.07378673553466797
,,,,0.07383251190185547
,,,,0.07387828826904297
,,,,0.07392406463623047
,,,,0.07396984100341797
,,,,0.07401561737060547
,,,,0.07406139373779297
,,,,0.07410717010498047
,,,,0.07415294647216797
,,,,0.07419872283935547
,,,,0.07424449920654297
,,,,0.07429027557373047
,,,,0.07433605194091797
,,,,0.07438182830810547
,,,,0.07442760467529297
,,,,0.07447338104248047
,,,,0.07451915740966797
,,,,0.07456493377685547
,,,,0.07461071014404297
,,,,0.07465648651123047
,,,,0.07470226287841797
,,,,0.07474803924560547
,,,,0.07479381561279297
,,,,0.07483959197998047
,,,,0.07488536834716797
,,,,0.07493114471435547
,,,,0.07497692108154297
,,,,0.07502269744873047
,,,,0.07506847381591797
,,,,0.07511425018310547
,,,,0.07516002655029297
,,,,0.07520580291748047
,,,,0.07525157928466797
,,,,0.07529735565185547
,,,,0.07534313201904297
,,,,0.03449535369873047
,,,,0.07577037811279297
,,,,0.07581615447998047
,,,,0.07586193084716797
,,,,0.07590770721435547
,,,,0.07595348358154297
,,,,0.07599925994873047
,,,,0.07604503631591797
,,,,0.07609081268310547
,,,,0.07613658905029297
,,,,0.07618236541748047
,,,,0.07622814178466797
,,,,0.07627391815185547
,,,,0.07631969451904297
,,,,0.07636547088623047
,,,,0.07641124725341797
,,,,0.07645702362060547
,,,,0.07650279998779297
,,,,0.07654857635498047
,,,,0.07659435272216797
,,,,0.07664012908935547
,,,,0.07668590545654297
,,,,0.07673168182373047
,,,,0.07677745819091797
,,,,0.07682323455810547
,,,,0.07686901092529297
,,,,0.07691478729248047
,,,,0.07696056365966797
,,,,0.07700634002685547
,,,,0.07705211639404297
,,,,0.07709789276123047
,,,,0.07714366912841797
,,,,0.07718944549560547
,,,,0.07723522186279297
,,,,0.07728099822998047
,,,,0.07732677459716797
,,,,0.07737255096435547
,,,,0.07741832733154297
,,,,0.07746410369873047
,,,,0.07750988006591797
,,,,0.07755565643310547
,,,,0.07760143280029297
,,,,0.07764720916748047
,,,,0.07769298553466797
,,,,0.07773876190185547
,,,,0.07778453826904297
,,,,0.07783031463623047
,,,,0.07787609100341797
,,,,0.07792186737060547
,,,,0.07796764373779297
,,,,0.07801342010498047
,,,,0.07805919647216797
,,,,0.07810497283935547
,,,,0.07815074920654297
,,,,0.07819652557373047
,,,,0.07824230194091797
,,,,0.07828807830810547
,,,,0.07833385467529297
,,,,0.03454113006591797
,,,,0.07876110076904297
,,,,0.07880687713623047
,,,,0.07885265350341797
,,,,0.07889842987060547
,,,,0.07894420623779297
,,,,0.07898998260498047
,,,,0.07903575897216797
,,,,0.07908153533935547
,,,,0.07912731170654297
,,,,0.07917308807373047
,,,,0.07921886444091797
,,,,0.07926464080810547
,,,,0.07931041717529297
,,,,0.07935619354248047
,,,,0.07940196990966797
,,,,0.07944774627685547
,,,,0.07949352264404297
,,,,0.07953929901123047
,,,,0.07958507537841797
,,,,0.07963085174560547
,,,,0.07967662811279297
,,,,0.07972240447998047
,,,,0.07976818084716797
,,,,0.07981395721435547
,,,,0.07985973358154297
,,,,0.07990550994873047
,,,,0.07995128631591797
,,,,0.07999706268310547
,,,,0.08004283905029297
,,,,0.08008861541748047
,,,,0.08013439178466797
,,,,0.08018016815185547
,,,,0.08022594451904297
,,,,0.08027172088623047
,,,,0.08031749725341797
,,,,0.08036327362060547
,,,,0.08040904998779297
,,,,0.08045482635498047
,,,,0.08050060272216797
,,,,0.08054637908935547
,,,,0.08059215545654297
,,,,0.08063793182373047
,,,,0.08068370819091797
,,,,0.08072948455810547
,,,,0.08077526092529297
,,,,0.08082103729248047
,,,,0.08086681365966797
,,,,0.08091259002685547
,,,,0.08095836639404297
,,,,0.08100414276123047
,,,,0.08104991912841797
,,,,0.08109569549560547
,,,,0.08114147186279297
,,,,0.08118724822998047
,,,,0.08123302459716797
,,,,0.08127880096435547
,,,,0.08132457733154297
,,,,0.03458690643310547
,,,,0.08175182342529297
,,,,0.08179759979248047
,,,,0.08184337615966797
,,,,0.08188915252685547
,,,,0.08193492889404297
,,,,0.08198070526123047
,,,,0.08202648162841797
,,,,0.08207225799560547
,,,,0.08211803436279297
,,,,0.08216381072998047
,,,,0.08220958709716797
,,,,0.08225536346435547
,,,,0.08230113983154297
,,,,0.08234691619873047
,,,,0.08239269256591797
,,,,0.08243846893310547
,,,,0.08248424530029297
,,,,0.08253002166748047
,,,,0.08257579803466797
,,,,0.08262157440185547
,,,,0.08266735076904297
,,,,0.08271312713623047
,,,,0.08275890350341797
,,,,0.08280467987060547
,,,,0.08285045623779297
,,,,0.08289623260498047
,,,,0.08294200897216797
,,,,0.08298778533935547
,,,,0.08303356170654297
,,,,0.08307933807373047
,,,,0.08312511444091797
,,,,0.08317089080810547
,,,,0.08321666717529297
,,,,0.08326244354248047
,,,,0.08330821990966797
,,,,0.08335399627685547
,,,,0.08339977264404297
,,,,0.08344554901123047
,,,,0.08349132537841797
,,,,0.08353710174560547
,,,,0.08358287811279297
,,,,0.08362865447998047
,,,,0.08367443084716797
,,,,0.08372020721435547
,,,,0.08376598358154297
,,,,0.08381175994873047
,,,,0.08385753631591797
,,,,0.08390331268310547
,,,,0.08394908905029297
,,,,0.08399486541748047
,,,,0.08404064178466797
,,,,0.08408641815185547
,,,,0.08413219451904297
,,,,0.08417797088623047
,,,,0.08422374725341797
,,,,0.08426952362060547
,,,,0.08431529998779297
,,,,0.03463268280029297
,,,,0.08474254608154297
,,,,0.08478832244873047
,,,,0.08483409881591797
,,,,0.08487987518310547
,,,,0.08492565155029297
,,,,0.08497142791748047
,,,,0.08501720428466797
,,,,0.08506298065185547
,,,,0.08510875701904297
,,,,0.08515453338623047
,,,,0.08520030975341797
,,,,0.08524608612060547
,,,,0.08529186248779297
,,,,0.08533763885498047
,,,,0.08538341522216797
,,,,0.08542919158935547
,,,,0.08547496795654297
,,,,0.08552074432373047
,,,,0.08556652069091797
,,,,0.08561229705810547
,,,,0.08565807342529297
,,,,0.08570384979248047
,,,,0.08574962615966797
,,,,0.08579540252685547
,,,,0.08584117889404297
,,,,0.08588695526123047
,,,,0.08593273162841797
,,,,0.08597850799560547
,,,,0.08602428436279297
,,,,0.08607006072998047
,,,,0.08611583709716797
,,,,0.08616161346435547
,,,,0.08620738983154297
,,,,0.08625316619873047
,,,,0.08629894256591797
,,,,0.08634471893310547
,,,,0.08639049530029297
,,,,0.08643627166748047
,,,,0.08648204803466797
,,,,0.08652782440185547
,,,,0.08657360076904297
,,,,0.08661937713623047
,,,,0.08666515350341797
,,,,0.08671092987060547
,,,,0.08675670623779297
,,,,0.08680248260498047
,,,,0.08684825897216797
,,,,0.08689403533935547
,,,,0.08693981170654297
,,,,0.08698558807373047
,,,,0.08703136444091797
,,,,0.08707714080810547
,,,,0.08712291717529297
,,,,0.08716869354248047
,,,,0.08721446990966797
,,,,0.08726024627685547
,,,,0.08730602264404297
,,,,0.03467845916748047
,,,,0.08773326873779297
,,,,0.08777904510498047
,,,,0.08782482147216797
,,,,0.08787059783935547
,,,,0.08791637420654297
,,,,0.08796215057373047
,,,,0.08800792694091797
,,,,0.08805370330810547
,,,,0.08809947967529297
,,,,0.08814525604248047
,,,,0.08819103240966797
,,,,0.08823680877685547
,,,,0.08828258514404297
,,,,0.08832836151123047
,,,,0.08837413787841797
,,,,0.08841991424560547
,,,,0.08846569061279297
,,,,0.08851146697998047
,,,,0.08855724334716797
,,,,0.08860301971435547
,,,,0.08864879608154297
,,,,0.08869457244873047
,,,,0.08874034881591797
,,,,0.08878612518310547
,,,,0.08883190155029297
,,,,0.08887767791748047
,,,,0.08892345428466797
,,,,0.08896923065185547
,,,,0.08901500701904297
,,,,0.08906078338623047
,,,,0.08910655975341797
,,,,0.08915233612060547
,,,,0.08919811248779297
,,,,0.08924388885498047
,,,,0.08928966522216797
,,,,0.08933544158935547
,,,,0.08938121795654297
,,,,0.08942699432373047
,,,,0.08947277069091797
,,,,0.08951854705810547
,,,,0.08956432342529297
,,,,0.08961009979248047
,,,,0.08965587615966797
,,,,0.08970165252685547
,,,,0.08974742889404297
,,,,0.08979320526123047
,,,,0.08983898162841797
,,,,0.08988475799560547
,,,,0.08993053436279297
,,,,0.08997631072998047
,,,,0.09002208709716797
,,,,0.09006786346435547
,,,,0.09011363983154297
,,,,0.09015941619873047
,,,,0.09020519256591797
,,,,0.09025096893310547
,,,,0.09029674530029297
,,,,0.03472423553466797
,,,,0.09072399139404297
,,,,0.09076976776123047
,,,,0.09081554412841797
,,,,0.09086132049560547
,,,,0.09090709686279297
,,,,0.09095287322998047
,,,,0.09099864959716797
,,,,0.09104442596435547
,,,,0.09109020233154297
,,,,0.09113597869873047
,,,,0.09118175506591797
,,,,0.09122753143310547
,,,,0.09127330780029297
,,,,0.09131908416748047
,,,,0.09136486053466797
,,,,0.09141063690185547
,,,,0.09145641326904297
,,,,0.09150218963623047
,,,,0.09154796600341797
,,,,0.09159374237060547
,,,,0.09163951873779297
,,,,0.09168529510498047
,,,,0.09173107147216797
,,,,0.09177684783935547
,,,,0.09182262420654297
,,,,0.09186840057373047
,,,,0.09191417694091797
,,,,0.09195995330810547
,,,,0.09200572967529297
,,,,0.09205150604248047
,,,,0.09209728240966797
,,,,0.09214305877685547
,,,,0.09218883514404297
,,,,0.09223461151123047
,,,,0.09228038787841797
,,,,0.09232616424560547
,,,,0.09237194061279297
,,,,0.09241771697998047
,,,,0.09246349334716797
,,,,0.09250926971435547
,,,,0.09255504608154297
,,,,0.09260082244873047
,,,,0.09264659881591797
,,,,0.09269237518310547
,,,,0.09273815155029297
,,,,0.09278392791748047
,,,,0.09282970428466797
,,,,0.09287548065185547
,,,,0.09292125701904297
,,,,0.09296703338623047
,,,,0.09301280975341797
,,,,0.09305858612060547
,,,,0.09310436248779297
,,,,0.09315013885498047
,,,,0.09319591522216797
,,,,0.09324169158935547
,,,,0.09328746795654297
,,,,0.03477001190185547
,,,,0.09371471405029297
,,,,0.09376049041748047
,,,,0.09380626678466797
,,,,0.09385204315185547
,,,,0.09389781951904297
,,,,0.09394359588623047
,,,,0.09398937225341797
,,,,0.09403514862060547
,,,,0.09408092498779297
,,,,0.09412670135498047
,,,,0.09417247772216797
,,,,0.09421825408935547
,,,,0.09426403045654297
,,,,0.09430980682373047
,,,,0.09435558319091797
,,,,0.09440135955810547
,,,,0.09444713592529297
,,,,0.09449291229248047
,,,,0.09453868865966797
,,,,0.09458446502685547
,,,,0.09463024139404297
,,,,0.09467601776123047
,,,,0.09472179412841797
,,,,0.09476757049560547
,,,,0.09481334686279297
,,,,0.09485912322998047
,,,,0.09490489959716797
,,,,0.09495067596435547
,,,,0.09499645233154297
,,,,0.09504222869873047
,,,,0.09508800506591797
,,,,0.09513378143310547
,,,,0.09517955780029297
,,,,0.09522533416748047
,,,,0.09527111053466797
,,,,0.09531688690185547
,,,,0.09536266326904297
,,,,0.09540843963623047
,,,,0.09545421600341797
,,,,0.09549999237060547
,,,,0.09554576873779297
,,,,0.09559154510498047
,,,,0.09563732147216797
,,,,0.09568309783935547
,,,,0.09572887420654297
,,,,0.09577465057373047
,,,,0.09582042694091797
,,,,0.09586620330810547
,,,,0.09591197967529297
,,,,0.09595775604248047
,,,,0.09600353240966797
,,,,0.09604930877685547
,,,,0.09609508514404297
,,,,0.09614086151123047
,,,,0.09618663787841797
,,,,0.09623241424560547
,,,,0.09627819061279297
,,,,0.03481578826904297
,,,,0.09670543670654297
,,,,0.09675121307373047
,,,,0.09679698944091797
,,,,0.09684276580810547
,,,,0.09688854217529297
,,,,0.09693431854248047
,,,,0.09698009490966797
,,,,0.09702587127685547
,,,,0.09707164764404297
,,,,0.09711742401123047
,,,,0.09716320037841797
,,,,0.09720897674560547
,,,,0.09725475311279297
,,,,0.09730052947998047
,,,,0.09734630584716797
,,,,0.09739208221435547
,,,,0.09743785858154297
,,,,0.09748363494873047
,,,,0.09752941131591797
,,,,0.09757518768310547
,,,,0.09762096405029297
,,,,0.09766674041748047
,,,,0.09771251678466797
,,,,0.09775829315185547
,,,,0.09780406951904297
,,,,0.09784984588623047
,,,,0.09789562225341797
,,,,0.09794139862060547
,,,,0.09798717498779297
,,,,0.09803295135498047
,,,,0.09807872772216797
,,,,0.09812450408935547
,,,,0.09817028045654297
,,,,0.09821605682373047
,,,,0.09826183319091797
,,,,0.09830760955810547
,,,,0.09835338592529297
,,,,0.09839916229248047
,,,,0.09844493865966797
,,,,0.09849071502685547
,,,,0.09853649139404297
,,,,0.09858226776123047
,,,,0.09862804412841797
,,,,0.09867382049560547
,,,,0.09871959686279297
,,,,0.09876537322998047
,,,,0.09881114959716797
,,,,0.09885692596435547
,,,,0.09890270233154297
,,,,0.09894847869873047
,,,,0.09899425506591797
,,,,0.09904003143310547
,,,,0.09908580780029297
,,,,0.09913158416748047
,,,,0.09917736053466797
,,,,0.09922313690185547
,,,,0.09926891326904297
,,,,0.03486156463623047
,,,,0.09969615936279297
,,,,0.09974193572998047
,,,,0.09978771209716797
,,,,0.09983348846435547
,,,,0.09987926483154297
,,,,0.09992504119873047
,,,,0.09997081756591797
,,,,0.10001659393310547
,,,,0.10006237030029297
,,,,0.10010814666748047
,,,,0.10015392303466797
,,,,0.10019969940185547
,,,,0.10024547576904297
,,,,0.10029125213623047
,,,,0.10033702850341797
,,,,0.10038280487060547
,,,,0.10042858123779297
,,,,0.10047435760498047
,,,,0.10052013397216797
,,,,0.10056591033935547
,,,,0.10061168670654297
,,,,0.10065746307373047
,,,,0.10070323944091797
,,,,0.10074901580810547
,,,,0.10079479217529297
,,,,0.10084056854248047
,,,,0.10088634490966797
,,,,0.10093212127685547
,,,,0.10097789764404297
,,,,0.10102367401123047
,,,,0.10106945037841797
,,,,0.10111522674560547
,,,,0.10116100311279297
,,,,0.10120677947998047
,,,,0.10125255584716797
,,,,0.10129833221435547
,,,,0.10134410858154297
,,,,0.10138988494873047
,,,,0.10143566131591797
,,,,0.10148143768310547
,,,,0.10152721405029297
,,,,0.10157299041748047
,,,,0.10161876678466797
,,,,0.10166454315185547
,,,,0.10171031951904297
,,,,0.10175609588623047
,,,,0.10180187225341797
,,,,0.10184764862060547
,,,,0.10189342498779297
,,,,0.10193920135498047
,,,,0.10198497772216797
,,,,0.10203075408935547
,,,,0.10207653045654297
,,,,0.10212230682373047
,,,,0.10216808319091797
,,,,0.10221385955810547
,,,,0.10225963592529297
,,,,0.03490734100341797
,,,,0.10268688201904297
,,,,0.10273265838623047
,,,,0.10277843475341797
,,,,0.10282421112060547
,,,,0.10286998748779297
,,,,0.10291576385498047
,,,,0.10296154022216797
,,,,0.10300731658935547
,,,,0.10305309295654297
,,,,0.10309886932373047
,,,,0.10314464569091797
,,,,0.10319042205810547
,,,,0.10323619842529297
,,,,0.10328197479248047
,,,,0.10332775115966797
,,,,0.10337352752685547
,,,,0.10341930389404297
,,,,0.10346508026123047
,,,,0.10351085662841797
,,,,0.10355663299560547
,,,,0.10360240936279297
,,,,0.10364818572998047
,,,,0.10369396209716797
,,,,0.10373973846435547
,,,,0.10378551483154297
,,,,0.10383129119873047
,,,,0.10387706756591797
,,,,0.10392284393310547
,,,,0.10396862030029297
,,,,0.10401439666748047
,,,,0.10406017303466797
,,,,0.10410594940185547
,,,,0.10415172576904297
,,,,0.10419750213623047
,,,,0.10424327850341797
,,,,0.10428905487060547
,,,,0.10433483123779297
,,,,0.10438060760498047
,,,,0.10442638397216797
,,,,0.10447216033935547
,,,,0.10451793670654297
,,,,0.10456371307373047
,,,,0.10460948944091797
,,,,0.10465526580810547
,,,,0.10470104217529297
,,,,0.10474681854248047
,,,,0.10479259490966797
,,,,0.10483837127685547
,,,,0.10488414764404297
,,,,0.10492992401123047
,,,,0.10497570037841797
,,,,0.10502147674560547
,,,,0.10506725311279297
,,,,0.10511302947998047
,,,,0.10515880584716797
,,,,0.10520458221435547
,,,,0.10525035858154297
,,,,0.03495311737060547
,,,,0.10567760467529297
,,,,0.10572338104248047
,,,,0.10576915740966797
,,,,0.10581493377685547
,,,,0.10586071014404297
,,,,0.10590648651123047
,,,,0.10595226287841797
,,,,0.10599803924560547
,,,,0.10604381561279297
,,,,0.10608959197998047
,,,,0.10613536834716797
,,,,0.10618114471435547
,,,,0.10622692108154297
,,,,0.10627269744873047
,,,,0.10631847381591797
,,,,0.10636425018310547
,,,,0.10641002655029297
,,,,0.10645580291748047
,,,,0.10650157928466797
,,,,0.10654735565185547
,,,,0.10659313201904297
,,,,0.10663890838623047
,,,,0.10668468475341797
,,,,0.10673046112060547
,,,,0.10677623748779297
,,,,0.10682201385498047
,,,,0.10686779022216797
,,,,0.10691356658935547
,,,,0.10695934295654297
,,,,0.10700511932373047
,,,,0.10705089569091797
,,,,0.10709667205810547
,,,,0.10714244842529297
,,,,0.10718822479248047
,,,,0.10723400115966797
,,,,0.10727977752685547
,,,,0.10732555389404297
,,,,0.10737133026123047
,,,,0.10741710662841797
,,,,0.10746288299560547
,,,,0.10750865936279297
,,,,0.10755443572998047
,,,,0.10760021209716797
,,,,0.10764598846435547
,,,,0.10769176483154297
,,,,0.10773754119873047
,,,,0.10778331756591797
,,,,0.10782909393310547
,,,,0.10787487030029297
,,,,0.10792064666748047
,,,,0.10796642303466797
,,,,0.10801219940185547
,,,,0.10805797576904297
,,,,0.10810375213623047
,,,,0.10814952850341797
,,,,0.10819530487060547
,,,,0.10824108123779297
,,,,0.03499889373779297
,,,,0.10866832733154297
,,,,0.10871410369873047
,,,,0.10875988006591797
,,,,0.10880565643310547
,,,,0.10885143280029297
,,,,0.10889720916748047
,,,,0.10894298553466797
,,,,0.10898876190185547
,,,,0.10903453826904297
,,,,0.10908031463623047
,,,,0.10912609100341797
,,,,0.10917186737060547
,,,,0.10921764373779297
,,,,0.10926342010498047
,,,,0.10930919647216797
,,,,0.10935497283935547
,,,,0.10940074920654297
,,,,0.10944652557373047
,,,,0.10949230194091797
,,,,0.10953807830810547
,,,,0.10958385467529297
,,,,0.10962963104248047
,,,,0.10967540740966797
,,,,0.10972118377685547
,,,,0.10976696014404297
,,,,0.10981273651123047
,,,,0.10985851287841797
,,,,0.10990428924560547
,,,,0.10995006561279297
,,,,0.10999584197998047
,,,,0.11004161834716797
,,,,0.11008739471435547
,,,,0.11013317108154297
,,,,0.11017894744873047
,,,,0.11022472381591797
,,,,0.11027050018310547
,,,,0.11031627655029297
,,,,0.11036205291748047
,,,,0.11040782928466797
,,,,0.11045360565185547
,,,,0.11049938201904297
,,,,0.11054515838623047
,,,,0.11059093475341797
,,,,0.11063671112060547
,,,,0.11068248748779297
,,,,0.11072826385498047
,,,,0.11077404022216797
,,,,0.11081981658935547
,,,,0.11086559295654297
,,,,0.11091136932373047
,,,,0.11095714569091797
,,,,0.11100292205810547
,,,,0.11104869842529297
,,,,0.11109447479248047
,,,,0.11114025115966797
,,,,0.11118602752685547
,,,,0.11123180389404297
,,,,0.03504467010498047
,,,,0.11165904998779297
,,,,0.11170482635498047
,,,,0.11175060272216797
,,,,0.11179637908935547
,,,,0.11184215545654297
,,,,0.11188793182373047
,,,,0.11193370819091797
,,,,0.11197948455810547
,,,,0.11202526092529297
,,,,0.11207103729248047
,,,,0.11211681365966797
,,,,0.11216259002685547
,,,,0.11220836639404297
,,,,0.11225414276123047
,,,,0.11229991912841797
,,,,0.11234569549560547
,,,,0.11239147186279297
,,,,0.11243724822998047
,,,,0.11248302459716797
,,,,0.11252880096435547
,,,,0.11257457733154297
,,,,0.11262035369873047
,,,,0.11266613006591797
,,,,0.11271190643310547
,,,,0.11275768280029297
,,,,0.11280345916748047
,,,,0.11284923553466797
,,,,0.11289501190185547
,,,,0.11294078826904297
,,,,0.11298656463623047
,,,,0.11303234100341797
,,,,0.11307811737060547
,,,,0.11312389373779297
,,,,0.11316967010498047
,,,,0.11321544647216797
,,,,0.11326122283935547
,,,,0.11330699920654297
,,,,0.11335277557373047
,,,,0.11339855194091797
,,,,0.11344432830810547
,,,,0.11349010467529297
,,,,0.11353588104248047
,,,,0.11358165740966797
,,,,0.11362743377685547
,,,,0.11367321014404297
,,,,0.11371898651123047
,,,,0.11376476287841797
,,,,0.11381053924560547
,,,,0.11385631561279297
,,,,0.11390209197998047
,,,,0.11394786834716797
,,,,0.11399364471435547
,,,,0.11403942108154297
,,,,0.11408519744873047
,,,,0.11413097381591797
,,,,0.11417675018310547
,,,,0.11422252655029297
,,,,0.03509044647216797
,,,,0.11464977264404297
,,,,0.11469554901123047
,,,,0.11474132537841797
,,,,0.11478710174560547
,,,,0.11483287811279297
,,,,0.11487865447998047
,,,,0.11492443084716797
,,,,0.11497020721435547
,,,,0.11501598358154297
,,,,0.11506175994873047
,,,,0.11510753631591797
,,,,0.11515331268310547
,,,,0.11519908905029297
,,,,0.11524486541748047
,,,,0.11529064178466797
,,,,0.11533641815185547
,,,,0.11538219451904297
,,,,0.11542797088623047
,,,,0.11547374725341797
,,,,0.11551952362060547
,,,,0.11556529998779297
,,,,0.11561107635498047
,,,,0.11565685272216797
,,,,0.11570262908935547
,,,,0.11574840545654297
,,,,0.11579418182373047
,,,,0.11583995819091797
,,,,0.11588573455810547
,,,,0.11593151092529297
,,,,0.11597728729248047
,,,,0.11602306365966797
,,,,0.11606884002685547
,,,,0.11611461639404297
,,,,0.11616039276123047
,,,,0.11620616912841797
,,,,0.11625194549560547
,,,,0.11629772186279297
,,,,0.11634349822998047
,,,,0.11638927459716797
,,,,0.11643505096435547
,,,,0.11648082733154297
,,,,0.11652660369873047
,,,,0.11657238006591797
,,,,0.11661815643310547
,,,,0.11666393280029297
,,,,0.11670970916748047
,,,,0.11675548553466797
,,,,0.11680126190185547
,,,,0.11684703826904297
,,,,0.11689281463623047
,,,,0.11693859100341797
,,,,0.11698436737060547
,,,,0.11703014373779297
,,,,0.11707592010498047
,,,,0.11712169647216797
,,,,0.11716747283935547
,,,,0.11721324920654297
,,,,0.03513622283935547
,,,,0.11764049530029297
,,,,0.11768627166748047
,,,,0.11773204803466797
,,,,0.11777782440185547
,,,,0.11782360076904297
,,,,0.11786937713623047
,,,,0.11791515350341797
,,,,0.11796092987060547
,,,,0.11800670623779297
,,,,0.11805248260498047
,,,,0.11809825897216797
,,,,0.11814403533935547
,,,,0.11818981170654297
,,,,0.11823558807373047
,,,,0.11828136444091797
,,,,0.11832714080810547
,,,,0.11837291717529297
,,,,0.11841869354248047
,,,,0.11846446990966797
,,,,0.11851024627685547
,,,,0.11855602264404297
,,,,0.11860179901123047
,,,,0.11864757537841797
,,,,0.11869335174560547
,,,,0.11873912811279297
,,,,0.11878490447998047
,,,,0.11883068084716797
,,,,0.11887645721435547
,,,,0.11892223358154297
,,,,0.11896800994873047
,,,,0.11901378631591797
,,,,0.11905956268310547
,,,,0.11910533905029297
,,,,0.11915111541748047
,,,,0.11919689178466797
,,,,0.11924266815185547
,,,,0.11928844451904297
,,,,0.11933422088623047
,,,,0.11937999725341797
,,,,0.11942577362060547
,,,,0.11947154998779297
,,,,0.11951732635498047
,,,,0.11956310272216797
,,,,0.11960887908935547
,,,,0.11965465545654297
,,,,0.11970043182373047
,,,,0.11974620819091797
,,,,0.11979198455810547
,,,,0.11983776092529297
,,,,0.11988353729248047
,,,,0.11992931365966797
,,,,0.11997509002685547
,,,,0.12002086639404297
,,,,0.12006664276123047
,,,,0.12011241912841797
,,,,0.12015819549560547
,,,,0.12020397186279297
,,,,0.03518199920654297
,,,,0.12063121795654297
,,,,0.12067699432373047
,,,,0.12072277069091797
,,,,0.12076854705810547
,,,,0.12081432342529297
,,,,0.12086009979248047
,,,,0.12090587615966797
,,,,0.12095165252685547
,,,,0.12099742889404297
,,,,0.12104320526123047
,,,,0.12108898162841797
,,,,0.12113475799560547
,,,,0.12118053436279297
,,,,0.12122631072998047
,,,,0.12127208709716797
,,,,0.12131786346435547
,,,,0.12136363983154297
,,,,0.12140941619873047
,,,,0.12145519256591797
,,,,0.12150096893310547
,,,,0.12154674530029297
,,,,0.12159252166748047
,,,,0.12163829803466797
,,,,0.12168407440185547
,,,,0.12172985076904297
,,,,0.12177562713623047
,,,,0.12182140350341797
,,,,0.12186717987060547
,,,,0.12191295623779297
,,,,0.12195873260498047
,,,,0.12200450897216797
,,,,0.12205028533935547
,,,,0.12209606170654297
,,,,0.12214183807373047
,,,,0.12218761444091797
,,,,0.12223339080810547
,,,,0.12227916717529297
,,,,0.12232494354248047
,,,,0.12237071990966797
,,,,0.12241649627685547
,,,,0.12246227264404297
,,,,0.12250804901123047
,,,,0.12255382537841797
,,,,0.12259960174560547
,,,,0.12264537811279297
,,,,0.12269115447998047
,,,,0.12273693084716797
,,,,0.12278270721435547
,,,,0.12282848358154297
,,,,0.12287425994873047
,,,,0.12292003631591797
,,,,0.12296581268310547
,,,,0.12301158905029297
,,,,0.12305736541748047
,,,,0.12310314178466797
,,,,0.12314891815185547
,,,,0.12319469451904297
,,,,0.03522777557373047
,,,,0.12362194061279297
,,,,0.12366771697998047
,,,,0.12371349334716797
,,,,0.12375926971435547
,,,,0.12380504608154297
,,,,0.12385082244873047
,,,,0.12389659881591797
,,,,0.12394237518310547
,,,,0.12398815155029297
,,,,0.12403392791748047
,,,,0.12407970428466797
,,,,0.12412548065185547
,,,,0.12417125701904297
,,,,0.12421703338623047
,,,,0.12426280975341797
,,,,0.12430858612060547
,,,,0.12435436248779297
,,,,0.12440013885498047
,,,,0.12444591522216797
,,,,0.12449169158935547
,,,,0.12453746795654297
,,,,0.12458324432373047
,,,,0.12462902069091797
,,,,0.12467479705810547
,,,,0.12472057342529297
,,,,0.12476634979248047
,,,,0.12481212615966797
,,,,0.12485790252685547
,,,,0.12490367889404297
,,,,0.12494945526123047
,,,,0.12499523162841797
,,,,0.12504100799560547
,,,,0.12508678436279297
,,,,0.12513256072998047
,,,,0.12517833709716797
,,,,0.12522411346435547
,,,,0.12526988983154297
,,,,0.12531566619873047
,,,,0.12536144256591797
,,,,0.12540721893310547
,,,,0.12545299530029297
,,,,0.12549877166748047
,,,,0.12554454803466797
,,,,0.12559032440185547
,,,,0.12563610076904297
,,,,0.12568187713623047
,,,,0.12572765350341797
,,,,0.12577342987060547
,,,,0.12581920623779297
,,,,0.12586498260498047
,,,,0.12591075897216797
,,,,0.12595653533935547
,,,,0.12600231170654297
,,,,0.12604808807373047
,,,,0.12609386444091797
,,,,0.12613964080810547
,,,,0.12618541717529297
,,,,0.03527355194091797
,,,,0.12661266326904297
,,,,0.12665843963623047
,,,,0.12670421600341797
,,,,0.12674999237060547
,,,,0.12679576873779297
,,,,0.12684154510498047
,,,,0.12688732147216797
,,,,0.12693309783935547
,,,,0.12697887420654297
,,,,0.12702465057373047
,,,,0.12707042694091797
,,,,0.12711620330810547
,,,,0.12716197967529297
,,,,0.12720775604248047
,,,,0.12725353240966797
,,,,0.12729930877685547
,,,,0.12734508514404297
,,,,0.12739086151123047
,,,,0.12743663787841797
,,,,0.12748241424560547
,,,,0.12752819061279297
,,,,0.12757396697998047
,,,,0.12761974334716797
,,,,0.12766551971435547
,,,,0.12771129608154297
,,,,0.12775707244873047
,,,,0.12780284881591797
,,,,0.12784862518310547
,,,,0.12789440155029297
,,,,0.12794017791748047
,,,,0.12798595428466797
,,,,0.12803173065185547
,,,,0.12807750701904297
,,,,0.12812328338623047
,,,,0.12816905975341797
,,,,0.12821483612060547
,,,,0.12826061248779297
,,,,0.12830638885498047
,,,,0.12835216522216797
,,,,0.12839794158935547
,,,,0.12844371795654297
,,,,0.12848949432373047
,,,,0.12853527069091797
,,,,0.12858104705810547
,,,,0.12862682342529297
,,,,0.12867259979248047
,,,,0.12871837615966797
,,,,0.12876415252685547
,,,,0.12880992889404297
,,,,0.12885570526123047
,,,,0.12890148162841797
,,,,0.12894725799560547
,,,,0.12899303436279297
,,,,0.12903881072998047
,,,,0.12908458709716797
,,,,0.12913036346435547
,,,,0.12917613983154297
,,,,0.03531932830810547
,,,,0.12960338592529297
,,,,0.12964916229248047
,,,,0.12969493865966797
,,,,0.12974071502685547
,,,,0.12978649139404297
,,,,0.12983226776123047
,,,,0.12987804412841797
,,,,0.12992382049560547
,,,,0.12996959686279297
,,,,0.13001537322998047
,,,,0.13006114959716797
,,,,0.13010692596435547
,,,,0.13015270233154297
,,,,0.13019847869873047
,,,,0.13024425506591797
,,,,0.13029003143310547
,,,,0.13033580780029297
,,,,0.13038158416748047
,,,,0.13042736053466797
,,,,0.13047313690185547
,,,,0.13051891326904297
,,,,0.13056468963623047
,,,,0.13061046600341797
,,,,0.13065624237060547
,,,,0.13070201873779297
,,,,0.13074779510498047
,,,,0.13079357147216797
,,,,0.13083934783935547
,,,,0.13088512420654297
,,,,0.13093090057373047
,,,,0.13097667694091797
,,,,0.13102245330810547
,,,,0.13106822967529297
